<?xml version="1.0" encoding="UTF-8"?>
<project xmlns="http://www.netbeans.org/ns/project/1">
    <type>com.microchip.mplab.nbide.embedded.makeproject</type>
    <configuration>
        <data xmlns="http://www.netbeans.org/ns/make-project/1">
            <name>PK3_Starter_16F1829_PIC_AS</name>
            <creation-uuid>97d12b1b-5844-456b-923b-577f87eb8c2f</creation-uuid>
            <make-project-type>0</make-project-type>
            <c-extensions/>
            <cpp-extensions/>
            <header-extensions/>
            <asminc-extensions>inc</asminc-extensions>
            <sourceEncoding>ISO-8859-1</sourceEncoding>
            <make-dep-projects/>
            <sourceRootList>
                <sourceRootElem>.</sourceRootElem>
                <sourceRootElem>C:/lokal/Microchip/xc8/v2.40/pic/include/proc</sourceRootElem>
            </sourceRootList>
            <confList>
                <confElem>
                    <name>ASM_1</name>
                    <type>2</type>
                </confElem>
                <confElem>
                    <name>ASM_2</name>
                    <type>2</type>
                </confElem>
                <confElem>
                    <name>ASM_3</name>
                    <type>2</type>
                </confElem>
                <confElem>
                    <name>ASM_4</name>
                    <type>2</type>
                </confElem>
                <confElem>
                    <name>ASM_5</name>
                    <type>2</type>
                </confElem>
                <confElem>
                    <name>ASM_6</name>
                    <type>2</type>
                </confElem>
                <confElem>
                    <name>ASM_7</name>
                    <type>2</type>
                </confElem>
                <confElem>
                    <name>ASM_8</name>
                    <type>2</type>
                </confElem>
                <confElem>
                    <name>ASM_9</name>
                    <type>2</type>
                </confElem>
                <confElem>
                    <name>ASM_10</name>
                    <type>2</type>
                </confElem>
                <confElem>
                    <name>ASM_11</name>
                    <type>2</type>
                </confElem>
                <confElem>
                    <name>ASM_12</name>
                    <type>2</type>
                </confElem>
                <confElem>
                    <name>ASM_13</name>
                    <type>2</type>
                </confElem>
            </confList>
            <formatting>
                <project-formatting-style>false</project-formatting-style>
            </formatting>
        </data>
    </configuration>
</project>
