<?xml version="1.0" encoding="UTF-8"?>
<project xmlns="http://www.netbeans.org/ns/project/1">
    <type>com.microchip.mplab.nbide.embedded.makeproject</type>
    <configuration>
        <data xmlns="http://www.netbeans.org/ns/make-project/1">
            <name>PICkit_3_Starter_Kit</name>
            <creation-uuid>ed2082b0-145a-4810-b616-2c17a5fc8be0</creation-uuid>
            <make-project-type>0</make-project-type>
            <sourceEncoding>ISO-8859-1</sourceEncoding>
            <make-dep-projects/>
            <sourceRootList>
                <sourceRootElem>.</sourceRootElem>
            </sourceRootList>
            <confList>
                <confElem>
                    <name>01_hello_world</name>
                    <type>2</type>
                </confElem>
                <confElem>
                    <name>02_blink</name>
                    <type>2</type>
                </confElem>
                <confElem>
                    <name>03_rotate</name>
                    <type>2</type>
                </confElem>
                <confElem>
                    <name>04_a2d</name>
                    <type>2</type>
                </confElem>
                <confElem>
                    <name>05_vs_rotate</name>
                    <type>2</type>
                </confElem>
                <confElem>
                    <name>06_debounce</name>
                    <type>2</type>
                </confElem>
                <confElem>
                    <name>07_reversible</name>
                    <type>2</type>
                </confElem>
                <confElem>
                    <name>08_pwm</name>
                    <type>2</type>
                </confElem>
                <confElem>
                    <name>09_timer0</name>
                    <type>2</type>
                </confElem>
                <confElem>
                    <name>10_interrupt</name>
                    <type>2</type>
                </confElem>
                <confElem>
                    <name>11_indirect__addressing</name>
                    <type>2</type>
                </confElem>
                <confElem>
                    <name>12_lookuptable</name>
                    <type>2</type>
                </confElem>
                <confElem>
                    <name>13_EEPROM</name>
                    <type>2</type>
                </confElem>
            </confList>
            <formatting>
                <project-formatting-style>false</project-formatting-style>
            </formatting>
        </data>
    </configuration>
</project>
